filename,width,height,class,xmin,ymin,xmax,ymax
1799ca72-vid_000085.jpg,3840,2160,Basketball,1669,992,1716,1039
1799ca72-vid_000085.jpg,3840,2160,Person,1683,907,1795,1292
1799ca72-vid_000085.jpg,3840,2160,Basketball Hoop,1940,606,2043,718
3daa515e-vid_000116.jpg,3840,2160,Basketball,923,1104,1023,1191
3daa515e-vid_000116.jpg,3840,2160,Person,777,1175,993,1874
3daa515e-vid_000116.jpg,3840,2160,Basketball Hoop,2111,871,2219,979
9f5e8f60-vid_000066.jpg,3840,2160,Basketball,1544,821,1609,882
9f5e8f60-vid_000066.jpg,3840,2160,Person,1324,739,1554,1255
9f5e8f60-vid_000066.jpg,3840,2160,Basketball Hoop,1892,446,2016,563
aef387dc-vid_000040.jpg,3840,2160,Basketball,1221,1281,1361,1421
aef387dc-vid_000040.jpg,3840,2160,Basketball,2215,93,2329,200
aef387dc-vid_000040.jpg,3840,2160,Basketball Hoop,2349,503,2530,663
aef387dc-vid_000040.jpg,3840,2160,Person,1208,919,1577,1911
aef387dc-vid_000040.jpg,3840,2160,Person,859,905,1241,1817
9f82caad-vid_000043.jpg,3840,2160,Basketball,1429,1247,1522,1347
9f82caad-vid_000043.jpg,3840,2160,Basketball,2436,1200,2516,1280
9f82caad-vid_000043.jpg,3840,2160,Basketball Hoop,2195,717,2309,837
9f82caad-vid_000043.jpg,3840,2160,Person,1255,1012,1536,1655
9f82caad-vid_000043.jpg,3840,2160,Person,2275,1026,2429,1555
f5d4ce2d-vid_000083.jpg,3840,2160,Basketball,1976,557,2032,617
f5d4ce2d-vid_000083.jpg,3840,2160,Basketball Hoop,1931,595,2052,712
f5d4ce2d-vid_000083.jpg,3840,2160,Person,2056,920,2241,1427
01a59830-vid_000065.jpg,3840,2160,Basketball Hoop,1844,494,1964,603
01a59830-vid_000065.jpg,3840,2160,Person,1127,787,1360,1311
01a59830-vid_000065.jpg,3840,2160,Basketball,1861,354,1931,416
4eb23569-vid_000063.jpg,3840,2160,Basketball,812,925,892,1018
4eb23569-vid_000063.jpg,3840,2160,Person,651,798,899,1348
4eb23569-vid_000063.jpg,3840,2160,Basketball Hoop,1530,409,1657,523
10e996c8-vid_000068.jpg,3840,2160,Basketball,1847,707,1915,766
10e996c8-vid_000068.jpg,3840,2160,Person,1804,767,1957,1239
10e996c8-vid_000068.jpg,3840,2160,Basketball Hoop,2089,447,2201,565
9ee52348-vid_000120.jpg,3840,2160,Person,759,700,958,1326
9ee52348-vid_000120.jpg,3840,2160,Basketball,1475,813,1537,868
9ee52348-vid_000120.jpg,3840,2160,Basketball Hoop,1703,414,1820,531
cf4d422f-vid_000041.jpg,3840,2160,Person,1255,932,1698,1918
cf4d422f-vid_000041.jpg,3840,2160,Person,986,912,1314,1810
cf4d422f-vid_000041.jpg,3840,2160,Basketball,2557,617,2644,704
cf4d422f-vid_000041.jpg,3840,2160,Basketball Hoop,2336,503,2517,670
cf4d422f-vid_000041.jpg,3840,2160,Basketball,1262,1281,1396,1421
f84fa68c-vid_000094.jpg,3840,2160,Basketball,1318,936,1383,1004
f84fa68c-vid_000094.jpg,3840,2160,Person,1149,992,1296,1492
f84fa68c-vid_000094.jpg,3840,2160,Basketball Hoop,1785,710,1897,822
03fee5ce-vid_000098.jpg,3840,2160,Basketball,1071,883,1127,939
03fee5ce-vid_000098.jpg,3840,2160,Person,949,777,1089,1185
03fee5ce-vid_000098.jpg,3840,2160,Basketball Hoop,1855,489,1964,602
64cf64bb-vid_000033.jpg,3840,2160,Basketball,1943,1374,1985,1416
64cf64bb-vid_000033.jpg,3840,2160,Basketball,1905,1309,1971,1370
64cf64bb-vid_000033.jpg,3840,2160,Basketball Hoop,1862,807,1976,918
64cf64bb-vid_000033.jpg,3840,2160,Person,1786,1105,1971,1579
64cf64bb-vid_000033.jpg,3840,2160,Person,1977,1202,2086,1468
b06b03ff-vid_000082.jpg,3840,2160,Basketball,2037,463,2092,524
b06b03ff-vid_000082.jpg,3840,2160,Basketball Hoop,1933,598,2046,715
b06b03ff-vid_000082.jpg,3840,2160,Person,2081,918,2267,1434
b858fb16-vid_000010.jpg,3840,2160,Basketball,2267,1179,2353,1245
b858fb16-vid_000010.jpg,3840,2160,Basketball,1598,980,1664,1041
b858fb16-vid_000010.jpg,3840,2160,Basketball Hoop,1669,377,1791,509
b858fb16-vid_000010.jpg,3840,2160,Person,1470,689,1623,1189
b858fb16-vid_000010.jpg,3840,2160,Person,2379,719,2537,1285
0aec37e8-vid_000087.jpg,3840,2160,Basketball,1203,1093,1268,1151
0aec37e8-vid_000087.jpg,3840,2160,Person,1141,942,1302,1389
0aec37e8-vid_000087.jpg,3840,2160,Basketball Hoop,2006,649,2109,766
c795b2d2-vid_000119.jpg,3840,2160,Basketball,1646,431,1704,489
c795b2d2-vid_000119.jpg,3840,2160,Basketball Hoop,1700,531,1812,647
c795b2d2-vid_000119.jpg,3840,2160,Person,554,831,783,1484
9f689693-vid_000031.jpg,3840,2160,Basketball,1940,1388,2001,1449
9f689693-vid_000031.jpg,3840,2160,Person,1603,1092,1822,1684
9f689693-vid_000031.jpg,3840,2160,Person,1516,1092,1648,1561
9f689693-vid_000031.jpg,3840,2160,Basketball,1736,1337,1807,1413
9f689693-vid_000031.jpg,3840,2160,Basketball Hoop,1828,796,1940,918
8da2d5bd-vid_000118.jpg,3840,2160,Basketball,1457,305,1527,371
8da2d5bd-vid_000118.jpg,3840,2160,Basketball Hoop,1807,671,1919,787
8da2d5bd-vid_000118.jpg,3840,2160,Person,608,988,916,1637
03076a11-vid_000076.jpg,3840,2160,Basketball,1771,295,1826,346
03076a11-vid_000076.jpg,3840,2160,Basketball Hoop,1744,295,1868,415
03076a11-vid_000076.jpg,3840,2160,Person,1386,625,1561,1134
7a01668b-vid_000042.jpg,3840,2160,Basketball Hoop,2235,677,2369,797
7a01668b-vid_000042.jpg,3840,2160,Basketball,2483,972,2563,1052
7a01668b-vid_000042.jpg,3840,2160,Person,1429,972,1751,1730
7a01668b-vid_000042.jpg,3840,2160,Person,1718,1039,1952,1615
7a01668b-vid_000042.jpg,3840,2160,Basketball,1436,1274,1523,1361
b11b94c3-vid_000114.jpg,3840,2160,Basketball,2190,759,2249,823
b11b94c3-vid_000114.jpg,3840,2160,Basketball Hoop,2117,837,2227,946
b11b94c3-vid_000114.jpg,3840,2160,Person,1035,1171,1264,1766
5cd08f8a-vid_000107.jpg,3840,2160,Basketball,1851,250,1924,327
5cd08f8a-vid_000107.jpg,3840,2160,Basketball Hoop,2039,630,2153,739
5cd08f8a-vid_000107.jpg,3840,2160,Person,1168,933,1466,1565
14789f77-vid_000090.jpg,3840,2160,Basketball,2018,576,2074,632
14789f77-vid_000090.jpg,3840,2160,Basketball Hoop,2014,648,2135,769
14789f77-vid_000090.jpg,3840,2160,Person,1226,932,1366,1397
994b7066-vid_000081.jpg,3840,2160,Basketball Hoop,1913,657,2027,777
994b7066-vid_000081.jpg,3840,2160,Basketball,2079,1058,2137,1114
994b7066-vid_000081.jpg,3840,2160,Person,2065,988,2241,1525
53c45d59-vid_000049.jpg,3840,2160,Basketball,1550,462,1630,542
53c45d59-vid_000049.jpg,3840,2160,Basketball Hoop,1644,422,1805,596
53c45d59-vid_000049.jpg,3840,2160,Basketball,1094,1194,1248,1361
53c45d59-vid_000049.jpg,3840,2160,Person,812,892,1167,2018
53c45d59-vid_000049.jpg,3840,2160,Person,1691,892,2026,1938
0c6ee9bc-vid_000038.jpg,3840,2160,Basketball Hoop,2282,590,2436,757
0c6ee9bc-vid_000038.jpg,3840,2160,Person,1617,972,1851,1709
0c6ee9bc-vid_000038.jpg,3840,2160,Person,671,925,1060,1830
0c6ee9bc-vid_000038.jpg,3840,2160,Basketball,1497,1281,1604,1395
57695fee-vid_000044.jpg,3840,2160,Basketball,1067,1240,1181,1327
57695fee-vid_000044.jpg,3840,2160,Basketball,2248,1516,2328,1589
57695fee-vid_000044.jpg,3840,2160,Basketball Hoop,2087,717,2194,824
57695fee-vid_000044.jpg,3840,2160,Person,1060,999,1308,1642
57695fee-vid_000044.jpg,3840,2160,Person,2316,1019,2524,1649
8723e5e1-vid_000034.jpg,3840,2160,Basketball,1581,1436,1640,1495
8723e5e1-vid_000034.jpg,3840,2160,Basketball,1929,1283,1997,1351
8723e5e1-vid_000034.jpg,3840,2160,Basketball Hoop,1866,795,1981,923
8723e5e1-vid_000034.jpg,3840,2160,Person,1710,1126,1854,1435
8723e5e1-vid_000034.jpg,3840,2160,Person,1810,1098,1988,1576
3d10e906-vid_000002.jpg,3840,2160,Basketball,1753,661,1819,730
3d10e906-vid_000002.jpg,3840,2160,Basketball Hoop,1810,619,1929,747
77d4d995-vid_000017.jpg,3840,2160,Basketball,1879,285,1976,392
77d4d995-vid_000017.jpg,3840,2160,Basketball Hoop,1705,454,1893,642
77d4d995-vid_000017.jpg,3840,2160,Person,1792,898,2108,1847
77d4d995-vid_000017.jpg,3840,2160,Person,2226,888,2563,1858
72696c46-vid_000069.jpg,3840,2160,Basketball,2139,499,2195,550
72696c46-vid_000069.jpg,3840,2160,Basketball Hoop,2130,465,2246,573
72696c46-vid_000069.jpg,3840,2160,Person,1843,775,1999,1244
c2382765-vid_000102.jpg,3840,2160,Basketball,573,1067,693,1166
c2382765-vid_000102.jpg,3840,2160,Person,744,780,1110,1458
c2382765-vid_000102.jpg,3840,2160,Basketball Hoop,2045,509,2153,625
756f31d2-vid_000007.jpg,3840,2160,Basketball,2170,832,2236,893
756f31d2-vid_000007.jpg,3840,2160,Basketball,1572,908,1633,999
756f31d2-vid_000007.jpg,3840,2160,Person,1588,653,1828,1306
756f31d2-vid_000007.jpg,3840,2160,Person,1445,689,1608,1189
756f31d2-vid_000007.jpg,3840,2160,Basketball Hoop,1797,316,1924,453
26fb9e0b-vid_000009.jpg,3840,2160,Basketball,2631,1147,2714,1234
26fb9e0b-vid_000009.jpg,3840,2160,Basketball,1630,896,1689,972
26fb9e0b-vid_000009.jpg,3840,2160,Person,1519,682,1693,1212
26fb9e0b-vid_000009.jpg,3840,2160,Person,2582,746,2763,1258
26fb9e0b-vid_000009.jpg,3840,2160,Basketball Hoop,1731,373,1856,505
dedf042c-vid_000091.jpg,3840,2160,Basketball,1501,1220,1567,1286
dedf042c-vid_000091.jpg,3840,2160,Basketball Hoop,2017,668,2119,780
dedf042c-vid_000091.jpg,3840,2160,Person,1317,975,1511,1429
bbcd5269-vid_000025.jpg,3840,2160,Basketball,1113,1322,1204,1398
bbcd5269-vid_000025.jpg,3840,2160,Person,1036,1118,1270,1684
bbcd5269-vid_000025.jpg,3840,2160,Person,1848,1128,2072,1776
bbcd5269-vid_000025.jpg,3840,2160,Basketball Hoop,1802,837,1934,964
5301eeb3-vid_000035.jpg,3840,2160,Basketball,970,1556,1061,1638
5301eeb3-vid_000035.jpg,3840,2160,Person,1025,1057,1235,1565
5301eeb3-vid_000035.jpg,3840,2160,Basketball Hoop,1860,795,1983,914
5301eeb3-vid_000035.jpg,3840,2160,Person,1631,1098,1818,1565
9f32fbd3-vid_000078.jpg,3840,2160,Basketball,1868,1060,1924,1122
9f32fbd3-vid_000078.jpg,3840,2160,Person,1831,957,1987,1366
9f32fbd3-vid_000078.jpg,3840,2160,Basketball Hoop,1743,647,1859,757
522a30ba-vid_000054.jpg,3840,2160,Basketball,852,1207,1046,1388
522a30ba-vid_000054.jpg,3840,2160,Basketball,765,979,818,1032
522a30ba-vid_000054.jpg,3840,2160,Person,731,798,1086,1958
522a30ba-vid_000054.jpg,3840,2160,Person,604,798,751,1280
522a30ba-vid_000054.jpg,3840,2160,Basketball Hoop,1725,348,1899,529
a78b1274-vid_000039.jpg,3840,2160,Basketball,1127,959,1267,1099
a78b1274-vid_000039.jpg,3840,2160,Basketball,1362,1227,1509,1367
a78b1274-vid_000039.jpg,3840,2160,Person,933,932,1268,1844
a78b1274-vid_000039.jpg,3840,2160,Person,1342,898,1657,1857
a78b1274-vid_000039.jpg,3840,2160,Basketball Hoop,2336,489,2523,676
2995c1a4-vid_000074.jpg,3840,2160,Basketball,1572,817,1628,879
2995c1a4-vid_000074.jpg,3840,2160,Person,1472,704,1628,1223
2995c1a4-vid_000074.jpg,3840,2160,Basketball Hoop,1807,363,1919,488
07486122-vid_000115.jpg,3840,2160,Basketball,1576,1487,1653,1564
07486122-vid_000115.jpg,3840,2160,Basketball Hoop,2107,869,2221,978
07486122-vid_000115.jpg,3840,2160,Person,824,1217,1039,1849
a0619c76-vid_000095.jpg,3840,2160,Basketball,1193,1067,1230,1126
a0619c76-vid_000095.jpg,3840,2160,Person,1130,776,1274,1204
a0619c76-vid_000095.jpg,3840,2160,Basketball Hoop,1775,488,1878,603
a5937ddf-vid_000077.jpg,3840,2160,Basketball,1778,887,1836,945
a5937ddf-vid_000077.jpg,3840,2160,Person,1513,594,1688,1048
a5937ddf-vid_000077.jpg,3840,2160,Basketball Hoop,1716,264,1826,391
6ad93d4c-vid_000075.jpg,3840,2160,Basketball,1647,299,1719,363
6ad93d4c-vid_000075.jpg,3840,2160,Basketball Hoop,1775,428,1884,541
6ad93d4c-vid_000075.jpg,3840,2160,Person,1412,750,1609,1253
ebce2e1d-vid_000022.jpg,3840,2160,Basketball,1787,1220,1884,1306
ebce2e1d-vid_000022.jpg,3840,2160,Person,1761,1194,2092,2123
ebce2e1d-vid_000022.jpg,3840,2160,Person,2246,1205,2521,2032
ebce2e1d-vid_000022.jpg,3840,2160,Basketball Hoop,1715,735,1903,918
f7d1ede0-vid_000062.jpg,3840,2160,Basketball,503,1080,596,1167
f7d1ede0-vid_000062.jpg,3840,2160,Person,335,885,643,1455
f7d1ede0-vid_000062.jpg,3840,2160,Basketball Hoop,1302,489,1442,609
1ba0da38-vid_000050.jpg,3840,2160,Basketball Hoop,1671,368,1845,535
1ba0da38-vid_000050.jpg,3840,2160,Basketball,1174,744,1254,824
1ba0da38-vid_000050.jpg,3840,2160,Basketball,785,1254,912,1394
1ba0da38-vid_000050.jpg,3840,2160,Person,785,885,1295,1991
1ba0da38-vid_000050.jpg,3840,2160,Person,1423,825,1718,1663
acdea4f6-vid_000047.jpg,3840,2160,Basketball,859,1281,999,1395
acdea4f6-vid_000047.jpg,3840,2160,Basketball,1832,872,1952,959
acdea4f6-vid_000047.jpg,3840,2160,Basketball Hoop,1691,617,1811,744
acdea4f6-vid_000047.jpg,3840,2160,Person,798,919,1039,1723
acdea4f6-vid_000047.jpg,3840,2160,Person,1765,905,2033,1656
57968cb5-vid_000020.jpg,3840,2160,Basketball Hoop,1725,735,1883,918
57968cb5-vid_000020.jpg,3840,2160,Person,1715,1194,2062,2113
57968cb5-vid_000020.jpg,3840,2160,Person,2267,1194,2624,2138
57968cb5-vid_000020.jpg,3840,2160,Basketball,2083,408,2195,510
879b844b-vid_000106.jpg,3840,2160,Basketball,1182,1050,1282,1137
879b844b-vid_000106.jpg,3840,2160,Person,1057,963,1290,1579
879b844b-vid_000106.jpg,3840,2160,Basketball Hoop,2032,625,2148,737
fa446cd4-vid_000093.jpg,3840,2160,Basketball,1669,780,1735,854
fa446cd4-vid_000093.jpg,3840,2160,Basketball Hoop,1811,980,1923,1096
fa446cd4-vid_000093.jpg,3840,2160,Person,1094,1296,1285,1812
6ca5e9c5-vid_000084.jpg,3840,2160,Basketball Hoop,1935,598,2043,714
6ca5e9c5-vid_000084.jpg,3840,2160,Basketball,1925,989,1971,1040
6ca5e9c5-vid_000084.jpg,3840,2160,Person,1964,917,2096,1343
a42a2270-vid_000032.jpg,3840,2160,Basketball,1790,1322,1852,1388
a42a2270-vid_000032.jpg,3840,2160,Basketball,2014,1319,2060,1366
a42a2270-vid_000032.jpg,3840,2160,Basketball Hoop,1859,812,1962,918
a42a2270-vid_000032.jpg,3840,2160,Person,1881,1102,2006,1483
a42a2270-vid_000032.jpg,3840,2160,Person,1699,1100,1867,1628
a77e42f2-vid_000111.jpg,3840,2160,Basketball,672,1254,777,1341
a77e42f2-vid_000111.jpg,3840,2160,Person,686,956,1006,1643
a77e42f2-vid_000111.jpg,3840,2160,Basketball Hoop,2103,653,2217,762
b99b2aed-vid_000015.jpg,3840,2160,Basketball,1863,1036,1944,1127
b99b2aed-vid_000015.jpg,3840,2160,Basketball Hoop,1766,587,1888,714
b99b2aed-vid_000015.jpg,3840,2160,Person,1751,898,1934,1449
b99b2aed-vid_000015.jpg,3840,2160,Person,2170,883,2410,1521
b99b2aed-vid_000015.jpg,3840,2160,Basketball,2180,995,2261,1076
04e46c6e-vid_000058.jpg,3840,2160,Basketball,53,1308,321,1522
04e46c6e-vid_000058.jpg,3840,2160,Basketball,960,1267,1040,1334
04e46c6e-vid_000058.jpg,3840,2160,Person,1147,945,1442,1401
04e46c6e-vid_000058.jpg,3840,2160,Person,268,912,771,2152
04e46c6e-vid_000058.jpg,3840,2160,Basketball Hoop,1859,623,1986,750
be60d900-vid_000027.jpg,3840,2160,Basketball,1051,1230,1122,1321
be60d900-vid_000027.jpg,3840,2160,Person,873,1102,1107,1770
be60d900-vid_000027.jpg,3840,2160,Basketball Hoop,1828,837,1950,944
be60d900-vid_000027.jpg,3840,2160,Person,1858,1123,2062,1756
8a655a8f-vid_000024.jpg,3840,2160,Person,1378,1159,1633,1644
8a655a8f-vid_000024.jpg,3840,2160,Basketball,1388,1307,1454,1363
8a655a8f-vid_000024.jpg,3840,2160,Basketball Hoop,1797,847,1914,974
8a655a8f-vid_000024.jpg,3840,2160,Person,1817,1159,2031,1792
ab307360-vid_000028.jpg,3840,2160,Basketball,1348,602,1445,688
ab307360-vid_000028.jpg,3840,2160,Person,914,1041,1169,1750
ab307360-vid_000028.jpg,3840,2160,Basketball Hoop,1822,827,1954,949
ab307360-vid_000028.jpg,3840,2160,Person,1863,1133,2082,1750
4dfa93ff-vid_000004.jpg,3840,2160,Person,643,862,1077,2026
4dfa93ff-vid_000004.jpg,3840,2160,Person,1496,908,1684,1490
4dfa93ff-vid_000004.jpg,3840,2160,Basketball,893,1424,1071,1597
4dfa93ff-vid_000004.jpg,3840,2160,Basketball,1608,1077,1674,1158
4dfa93ff-vid_000004.jpg,3840,2160,Basketball Hoop,1858,622,1980,749
e6f43928-vid_000046.jpg,3840,2160,Basketball,691,1294,811,1401
e6f43928-vid_000046.jpg,3840,2160,Basketball Hoop,1705,610,1819,744
e6f43928-vid_000046.jpg,3840,2160,Person,745,925,1026,1656
e6f43928-vid_000046.jpg,3840,2160,Person,1873,945,2128,1729
e4cc7a23-vid_000059.jpg,3840,2160,Basketball,496,1120,589,1193
e4cc7a23-vid_000059.jpg,3840,2160,Person,537,965,805,1414
e4cc7a23-vid_000059.jpg,3840,2160,Basketball Hoop,1550,529,1670,649
de749172-vid_000072.jpg,3840,2160,Basketball,1826,829,1882,888
de749172-vid_000072.jpg,3840,2160,Person,1876,698,2054,1126
de749172-vid_000072.jpg,3840,2160,Basketball Hoop,2095,360,2207,478
797c1715-vid_000064.jpg,3840,2160,Basketball,993,960,1070,1037
797c1715-vid_000064.jpg,3840,2160,Person,841,979,1116,1498
797c1715-vid_000064.jpg,3840,2160,Basketball Hoop,1554,568,1682,682
322ee406-vid_000051.jpg,3840,2160,Basketball,651,1180,818,1340
322ee406-vid_000051.jpg,3840,2160,Basketball Hoop,1685,342,1866,529
322ee406-vid_000051.jpg,3840,2160,Person,624,825,1127,1978
322ee406-vid_000051.jpg,3840,2160,Person,1127,804,1328,1394
65e5064d-vid_000006.jpg,3840,2160,Basketball,1531,1046,1607,1158
65e5064d-vid_000006.jpg,3840,2160,Person,1537,735,1848,1506
65e5064d-vid_000006.jpg,3840,2160,Person,1404,735,1603,1312
65e5064d-vid_000006.jpg,3840,2160,Basketball Hoop,1889,418,2011,550
65e5064d-vid_000006.jpg,3840,2160,Basketball,1904,342,1970,408
71a2b799-vid_000070.jpg,3840,2160,Basketball,2277,932,2333,985
71a2b799-vid_000070.jpg,3840,2160,Basketball Hoop,2164,419,2289,528
71a2b799-vid_000070.jpg,3840,2160,Person,2013,738,2172,1182
6b8f49d3-vid_000055.jpg,3840,2160,Basketball,597,1281,798,1468
6b8f49d3-vid_000055.jpg,3840,2160,Basketball Hoop,1732,355,1906,529
6b8f49d3-vid_000055.jpg,3840,2160,Person,443,758,852,2119
9b58d5b5-vid_000056.jpg,3840,2160,Basketball Hoop,1732,362,1899,529
9b58d5b5-vid_000056.jpg,3840,2160,Basketball,483,1375,731,1582
9b58d5b5-vid_000056.jpg,3840,2160,Basketball,563,1012,677,1112
9b58d5b5-vid_000056.jpg,3840,2160,Person,140,784,690,2159
9b58d5b5-vid_000056.jpg,3840,2160,Person,530,778,731,1334
e5c52b63-vid_000005.jpg,3840,2160,Basketball,1552,1399,1684,1516
e5c52b63-vid_000005.jpg,3840,2160,Basketball,1537,857,1623,938
e5c52b63-vid_000005.jpg,3840,2160,Person,1256,842,1485,1766
e5c52b63-vid_000005.jpg,3840,2160,Person,1480,903,1648,1413
e5c52b63-vid_000005.jpg,3840,2160,Basketball Hoop,1889,582,2006,704
622e93ed-vid_000113.jpg,3840,2160,Basketball,1244,900,1335,983
622e93ed-vid_000113.jpg,3840,2160,Person,1090,1000,1306,1678
622e93ed-vid_000113.jpg,3840,2160,Basketball Hoop,2115,780,2231,888
3d759691-vid_000008.jpg,3840,2160,Basketball,2701,801,2777,872
3d759691-vid_000008.jpg,3840,2160,Basketball Hoop,1930,388,2057,525
3d759691-vid_000008.jpg,3840,2160,Person,1741,704,1919,1291
3d759691-vid_000008.jpg,3840,2160,Person,2134,725,2435,1245
3d759691-vid_000008.jpg,3840,2160,Basketball,1705,1154,1791,1230
00127c17-vid_000001.jpg,3840,2160,Basketball,1756,628,1821,700
00127c17-vid_000001.jpg,3840,2160,Basketball Hoop,1814,615,1929,734
00127c17-vid_000001.jpg,3840,2160,Person,1498,913,1681,1455
4203f180-vid_000096.jpg,3840,2160,Basketball,1135,746,1188,799
4203f180-vid_000096.jpg,3840,2160,Person,1040,663,1165,1056
4203f180-vid_000096.jpg,3840,2160,Basketball Hoop,1791,371,1908,492
ef058fe2-vid_000053.jpg,3840,2160,Basketball,812,1046,872,1119
ef058fe2-vid_000053.jpg,3840,2160,Basketball,792,1160,939,1300
ef058fe2-vid_000053.jpg,3840,2160,Basketball Hoop,1732,355,1906,529
ef058fe2-vid_000053.jpg,3840,2160,Person,637,831,811,1240
ef058fe2-vid_000053.jpg,3840,2160,Person,859,791,1154,1871
38037ba5-vid_000060.jpg,3840,2160,Basketball,463,1247,563,1340
38037ba5-vid_000060.jpg,3840,2160,Person,288,1093,590,1643
38037ba5-vid_000060.jpg,3840,2160,Basketball Hoop,1241,664,1375,771
94f35a3d-vid_000067.jpg,3840,2160,Basketball,1747,928,1815,989
94f35a3d-vid_000067.jpg,3840,2160,Person,1651,766,1837,1223
94f35a3d-vid_000067.jpg,3840,2160,Basketball Hoop,2006,412,2126,529
83231883-vid_000071.jpg,3840,2160,Basketball,2298,835,2340,883
83231883-vid_000071.jpg,3840,2160,Person,2190,713,2346,1099
83231883-vid_000071.jpg,3840,2160,Basketball Hoop,2164,365,2272,475
e2098867-vid_000109.jpg,3840,2160,Person,1257,921,1507,1604
e2098867-vid_000109.jpg,3840,2160,Basketball Hoop,2036,634,2156,742
10b38a19-vid_000088.jpg,3840,2160,Basketball,1233,1071,1295,1136
10b38a19-vid_000088.jpg,3840,2160,Person,1131,966,1264,1406
10b38a19-vid_000088.jpg,3840,2160,Basketball Hoop,2019,661,2127,769
2ecd7da5-vid_000030.jpg,3840,2160,Person,1777,1113,1904,1705
2ecd7da5-vid_000030.jpg,3840,2160,Person,924,1128,1250,1705
2ecd7da5-vid_000030.jpg,3840,2160,Basketball,1904,1297,1949,1348
2ecd7da5-vid_000030.jpg,3840,2160,Basketball,1725,1286,1806,1372
2ecd7da5-vid_000030.jpg,3840,2160,Basketball Hoop,1828,806,1940,918
2b953c96-vid_000101.jpg,3840,2160,Basketball,1234,777,1321,856
2b953c96-vid_000101.jpg,3840,2160,Basketball Hoop,1992,515,2105,628
2b953c96-vid_000101.jpg,3840,2160,Person,1154,845,1370,1257
349e6a67-vid_000021.jpg,3840,2160,Basketball,1817,857,1898,933
349e6a67-vid_000021.jpg,3840,2160,Basketball Hoop,1725,740,1919,949
349e6a67-vid_000021.jpg,3840,2160,Person,1741,1174,2093,2128
349e6a67-vid_000021.jpg,3840,2160,Person,2308,1215,2634,2149
bea36a16-vid_000013.jpg,3840,2160,Basketball,1838,617,1894,683
bea36a16-vid_000013.jpg,3840,2160,Basketball Hoop,1766,587,1893,699
bea36a16-vid_000013.jpg,3840,2160,Person,1516,883,1715,1408
bea36a16-vid_000013.jpg,3840,2160,Person,2180,878,2368,1475
bb7d9513-vid_000079.jpg,3840,2160,Basketball,2166,1280,2241,1355
bb7d9513-vid_000079.jpg,3840,2160,Person,2071,1133,2245,1617
bb7d9513-vid_000079.jpg,3840,2160,Basketball Hoop,1870,811,1976,928
6539a013-vid_000103.jpg,3840,2160,Person,161,798,590,1757
6539a013-vid_000103.jpg,3840,2160,Basketball Hoop,2047,516,2167,643
2819d66a-vid_000110.jpg,3840,2160,Basketball,920,1199,1016,1290
2819d66a-vid_000110.jpg,3840,2160,Person,902,983,1268,1592
2819d66a-vid_000110.jpg,3840,2160,Basketball Hoop,2043,626,2153,740
36ef1ab0-vid_000097.jpg,3840,2160,Person,889,682,1029,1068
36ef1ab0-vid_000097.jpg,3840,2160,Basketball,942,864,1002,924
36ef1ab0-vid_000097.jpg,3840,2160,Basketball Hoop,1813,405,1926,522
2ba56b29-vid_000023.jpg,3840,2160,Basketball,1700,1337,1776,1393
2ba56b29-vid_000023.jpg,3840,2160,Person,1833,1184,2042,1801
2ba56b29-vid_000023.jpg,3840,2160,Basketball Hoop,1787,862,1909,989
891db08f-vid_000117.jpg,3840,2160,Basketball,1080,1240,1171,1317
891db08f-vid_000117.jpg,3840,2160,Person,952,1212,1199,1793
891db08f-vid_000117.jpg,3840,2160,Basketball Hoop,2062,850,2181,959
16316354-vid_000019.jpg,3840,2160,Basketball Hoop,1725,745,1898,913
16316354-vid_000019.jpg,3840,2160,Basketball,2318,1327,2440,1459
16316354-vid_000019.jpg,3840,2160,Basketball,1817,1874,1924,2006
16316354-vid_000019.jpg,3840,2160,Person,1771,1189,2102,2149
16316354-vid_000019.jpg,3840,2160,Person,2308,1205,2634,2144
527b54a8-vid_000105.jpg,3840,2160,Person,487,928,880,1709
527b54a8-vid_000105.jpg,3840,2160,Basketball,825,1120,925,1235
527b54a8-vid_000105.jpg,3840,2160,Basketball Hoop,2046,616,2146,726
eb238d78-vid_000037.jpg,3840,2160,Basketball,221,1341,382,1481
eb238d78-vid_000037.jpg,3840,2160,Basketball,1785,1207,1858,1280
eb238d78-vid_000037.jpg,3840,2160,Basketball Hoop,2168,704,2282,838
eb238d78-vid_000037.jpg,3840,2160,Person,114,1039,543,1837
eb238d78-vid_000037.jpg,3840,2160,Person,1718,1019,1912,1528
image_1186_jpg.rf.05c458cabf581f6bbc36f36b9f3fb983.jpg,640,640,Basketball Hoop,194,48,450,527
image_1345_jpg.rf.07ef66ca57bd7a28cc0afd73d4e2fd8a.jpg,640,640,Basketball Hoop,134,87,640,465
image_1345_jpg.rf.07ef66ca57bd7a28cc0afd73d4e2fd8a.jpg,640,640,Basketball,103,383,293,512
image_1345_jpg.rf.07ef66ca57bd7a28cc0afd73d4e2fd8a.jpg,640,640,Basketball,198,498,388,626
image_1345_jpg.rf.07ef66ca57bd7a28cc0afd73d4e2fd8a.jpg,640,640,Basketball,6,498,195,626
image_1291_jpg.rf.06d47d4860ffbadd10b888add08a2d72.jpg,640,640,Basketball Hoop,175,313,463,582
image_1274_jpg.rf.0123eea1ecd215b6656127c00df002c5.jpg,640,640,Basketball Hoop,162,145,245,246
image_1308_jpg.rf.0c455df0223eb8ef421801116818f8e1.jpg,640,640,Basketball,323,253,350,361
image_1308_jpg.rf.0c455df0223eb8ef421801116818f8e1.jpg,640,640,Basketball Hoop,436,231,492,453
image_1308_jpg.rf.0c455df0223eb8ef421801116818f8e1.jpg,640,640,Basketball Hoop,304,231,360,457
image_1308_jpg.rf.0c455df0223eb8ef421801116818f8e1.jpg,640,640,Basketball Hoop,564,234,624,459
image_1308_jpg.rf.0c455df0223eb8ef421801116818f8e1.jpg,640,640,Basketball Hoop,40,231,97,460
image_1308_jpg.rf.0c455df0223eb8ef421801116818f8e1.jpg,640,640,Basketball Hoop,172,231,229,462
image_1308_jpg.rf.0c455df0223eb8ef421801116818f8e1.jpg,640,640,Basketball,445,348,474,456
image_1308_jpg.rf.0c455df0223eb8ef421801116818f8e1.jpg,640,640,Basketball,570,446,599,560
image_1308_jpg.rf.0c455df0223eb8ef421801116818f8e1.jpg,640,640,Basketball,39,73,68,186
image_1308_jpg.rf.0c455df0223eb8ef421801116818f8e1.jpg,640,640,Basketball,189,159,216,267
image_1196_jpg.rf.04c9eea3457eb6e2d143bec8daef3aa5.jpg,640,640,Basketball,260,0,301,33
image_1196_jpg.rf.04c9eea3457eb6e2d143bec8daef3aa5.jpg,640,640,Basketball Hoop,335,150,399,216
image_1258_jpg.rf.00c0e3240824e37f9b18bee33b2d19ea.jpg,640,640,Basketball Hoop,109,0,483,640
image_1135_jpg.rf.08d58a85a32d05dfb0ad29c7f0b5dcee.jpg,640,640,Basketball,333,139,390,233
image_1135_jpg.rf.08d58a85a32d05dfb0ad29c7f0b5dcee.jpg,640,640,Basketball,463,242,477,265
image_1135_jpg.rf.08d58a85a32d05dfb0ad29c7f0b5dcee.jpg,640,640,Basketball,525,247,537,267
image_1135_jpg.rf.08d58a85a32d05dfb0ad29c7f0b5dcee.jpg,640,640,Basketball,445,247,457,269
image_1135_jpg.rf.08d58a85a32d05dfb0ad29c7f0b5dcee.jpg,640,640,Basketball,544,253,558,279
image_1135_jpg.rf.08d58a85a32d05dfb0ad29c7f0b5dcee.jpg,640,640,Basketball,482,255,494,279
image_1135_jpg.rf.08d58a85a32d05dfb0ad29c7f0b5dcee.jpg,640,640,Basketball,605,257,618,280
image_1135_jpg.rf.08d58a85a32d05dfb0ad29c7f0b5dcee.jpg,640,640,Basketball,453,256,466,282
image_1135_jpg.rf.08d58a85a32d05dfb0ad29c7f0b5dcee.jpg,640,640,Basketball,616,260,628,285
image_1135_jpg.rf.08d58a85a32d05dfb0ad29c7f0b5dcee.jpg,640,640,Basketball,512,260,526,287
image_1135_jpg.rf.08d58a85a32d05dfb0ad29c7f0b5dcee.jpg,640,640,Basketball,625,261,639,291
image_1135_jpg.rf.08d58a85a32d05dfb0ad29c7f0b5dcee.jpg,640,640,Basketball,465,265,477,286
image_1135_jpg.rf.08d58a85a32d05dfb0ad29c7f0b5dcee.jpg,640,640,Basketball,488,269,501,290
image_1135_jpg.rf.08d58a85a32d05dfb0ad29c7f0b5dcee.jpg,640,640,Basketball,537,268,550,292
image_1135_jpg.rf.08d58a85a32d05dfb0ad29c7f0b5dcee.jpg,640,640,Basketball,604,283,616,305
image_1135_jpg.rf.08d58a85a32d05dfb0ad29c7f0b5dcee.jpg,640,640,Basketball,615,284,628,306
image_1135_jpg.rf.08d58a85a32d05dfb0ad29c7f0b5dcee.jpg,640,640,Basketball,449,287,462,308
image_1135_jpg.rf.08d58a85a32d05dfb0ad29c7f0b5dcee.jpg,640,640,Basketball,462,287,476,309
image_1135_jpg.rf.08d58a85a32d05dfb0ad29c7f0b5dcee.jpg,640,640,Basketball,531,287,543,310
image_1135_jpg.rf.08d58a85a32d05dfb0ad29c7f0b5dcee.jpg,640,640,Basketball,487,287,500,311
image_1135_jpg.rf.08d58a85a32d05dfb0ad29c7f0b5dcee.jpg,640,640,Basketball,475,287,488,310
image_1135_jpg.rf.08d58a85a32d05dfb0ad29c7f0b5dcee.jpg,640,640,Basketball,545,286,558,313
image_1328_jpg.rf.0d244420ac5c75945e7031925a008dd1.jpg,640,640,Basketball,401,84,436,140
image_1328_jpg.rf.0d244420ac5c75945e7031925a008dd1.jpg,640,640,Basketball,240,229,274,285
image_1273_jpg.rf.07a41f2a73cf6d7f699e7efeaba726c6.jpg,640,640,Basketball Hoop,80,32,623,620
image_1195_jpg.rf.0cbb04bb913a18057fcd7e3ae426576b.jpg,640,640,Basketball,325,514,377,591
image_1397_jpg.rf.1167d7bca48729ef3f25a673c337732f.jpg,640,640,Basketball Hoop,256,428,368,640
image_1061_jpg.rf.06de9611f90aaa8245ade8b1adaeaa5f.jpg,640,640,Basketball,296,208,344,269
image_1061_jpg.rf.06de9611f90aaa8245ade8b1adaeaa5f.jpg,640,640,Basketball Hoop,497,258,583,360
image_1061_jpg.rf.06de9611f90aaa8245ade8b1adaeaa5f.jpg,640,640,Basketball Hoop,61,260,146,361
image_1061_jpg.rf.06de9611f90aaa8245ade8b1adaeaa5f.jpg,640,640,Basketball Hoop,273,261,360,360
image_1384_jpg.rf.0ff28fa360330aba544660c23aec8117.jpg,640,640,Basketball Hoop,96,341,141,381
image_1384_jpg.rf.0ff28fa360330aba544660c23aec8117.jpg,640,640,Basketball Hoop,496,343,542,380
image_1384_jpg.rf.0ff28fa360330aba544660c23aec8117.jpg,640,640,Basketball,369,357,403,417
image_1384_jpg.rf.0ff28fa360330aba544660c23aec8117.jpg,640,640,Basketball,68,500,101,555
image_1384_jpg.rf.0ff28fa360330aba544660c23aec8117.jpg,640,640,Basketball,349,498,381,557
image_1377_jpg.rf.104d96bbd942624c2d12fcb43f9afb34.jpg,640,640,Basketball Hoop,167,329,451,581
image_1377_jpg.rf.104d96bbd942624c2d12fcb43f9afb34.jpg,640,640,Basketball,480,461,638,620
image_1166_jpg.rf.1089184488caac449dcb3ec8c58e7c7a.jpg,640,640,Basketball Hoop,186,152,255,226
image_1224_jpg.rf.01eb3d8f553af21432074379663c4403.jpg,640,640,Basketball Hoop,139,321,337,495
image_1075_jpg.rf.1a06444b936d330b30dcda9f44d0c510.jpg,640,640,Basketball Hoop,238,202,435,572
image_1246_jpg.rf.15c38f3e78f068bb0b732c822e56fa8f.jpg,640,640,Basketball Hoop,230,282,352,478
image_1246_jpg.rf.15c38f3e78f068bb0b732c822e56fa8f.jpg,640,640,Basketball,297,44,356,150
image_1118_jpg.rf.1f64cda69d263f08c951b3a1321bd3d0.jpg,640,640,Basketball Hoop,258,169,338,356
image_1118_jpg.rf.1f64cda69d263f08c951b3a1321bd3d0.jpg,640,640,Basketball,381,464,419,535
image_1426_jpg.rf.04acaf7cfee2ac48ea77dd8ff4b4d844.jpg,640,640,Basketball Hoop,238,186,347,273
image_1194_jpg.rf.1491b7270d90057e04fba7d7caa9a6be.jpg,640,640,Basketball,508,58,584,192
image_1194_jpg.rf.1491b7270d90057e04fba7d7caa9a6be.jpg,640,640,Basketball Hoop,429,400,563,564
image_1367_jpg.rf.1a3c58375a5a0d50b03b378ece6a8f9c.jpg,640,640,Basketball,439,123,463,157
image_1367_jpg.rf.1a3c58375a5a0d50b03b378ece6a8f9c.jpg,640,640,Basketball Hoop,431,126,471,182
image_1112_jpg.rf.13023549f5c9c2f4e4adf8f79a75d476.jpg,640,640,Basketball Hoop,67,306,378,611
image_1241_jpg.rf.15dc7f5f871a990d0d163dcff680b432.jpg,640,640,Basketball Hoop,272,99,345,226
image_1241_jpg.rf.15dc7f5f871a990d0d163dcff680b432.jpg,640,640,Basketball,229,328,247,353
image_1364_jpg.rf.2941487f035dc334a42bf4b1c2ccb6fc.jpg,640,640,Basketball Hoop,319,187,393,273
image_1406_jpg.rf.2bfb6efc3988053e93f377f2f22217f5.jpg,640,640,Basketball Hoop,453,208,520,294
image_1406_jpg.rf.2bfb6efc3988053e93f377f2f22217f5.jpg,640,640,Basketball Hoop,304,242,371,326
image_1406_jpg.rf.2bfb6efc3988053e93f377f2f22217f5.jpg,640,640,Basketball Hoop,158,285,226,368
image_1215_jpg.rf.2c5764ffa201cc7835e1f1696f1a4841.jpg,640,640,Basketball,219,124,280,179
image_1215_jpg.rf.2c5764ffa201cc7835e1f1696f1a4841.jpg,640,640,Basketball Hoop,371,156,557,547
image_1184_jpg.rf.22a7ab421365875b6733d9753f5b5e64.jpg,640,640,Basketball Hoop,350,130,396,189
image_1184_jpg.rf.22a7ab421365875b6733d9753f5b5e64.jpg,640,640,Basketball Hoop,420,130,464,192
image_1184_jpg.rf.22a7ab421365875b6733d9753f5b5e64.jpg,640,640,Basketball,210,351,239,384
image_1184_jpg.rf.22a7ab421365875b6733d9753f5b5e64.jpg,640,640,Basketball,191,367,222,382
image_1184_jpg.rf.22a7ab421365875b6733d9753f5b5e64.jpg,640,640,Basketball,238,360,269,398
image_1184_jpg.rf.22a7ab421365875b6733d9753f5b5e64.jpg,640,640,Basketball,225,380,252,397
image_1184_jpg.rf.22a7ab421365875b6733d9753f5b5e64.jpg,640,640,Basketball,265,375,298,415
image_1184_jpg.rf.22a7ab421365875b6733d9753f5b5e64.jpg,640,640,Basketball,256,396,284,411
image_1278_jpg.rf.274675a7d18000a153c11bda283f40b7.jpg,640,640,Basketball Hoop,258,358,410,583
image_1156_jpg.rf.2cbead9dcdc73053ba6669365c48edbf.jpg,640,640,Basketball Hoop,183,365,474,622
image_1388_jpg.rf.324b910e249d79e26e2affb140789562.jpg,640,640,Basketball,81,135,220,374
image_1216_jpg.rf.30263c27e38e720bfd71c2e86c3a523a.jpg,640,640,Basketball Hoop,220,129,297,202
image_1213_jpg.rf.30edf87e34368cf8b39122448bcbc020.jpg,640,640,Basketball,97,138,266,308
image_1213_jpg.rf.30edf87e34368cf8b39122448bcbc020.jpg,640,640,Basketball Hoop,59,368,339,622
image_1407_jpg.rf.24e099d1804d3e842e83ec54f0b9c488.jpg,640,640,Basketball Hoop,2,2,639,636
image_1219_jpg.rf.305f5a37cd713b2226cf7b05187ef1d6.jpg,640,640,Basketball,291,38,329,95
image_1219_jpg.rf.305f5a37cd713b2226cf7b05187ef1d6.jpg,640,640,Basketball Hoop,279,34,358,178
image_1240_jpg.rf.381207fdea6fde6492889add644c0564.jpg,640,640,Basketball,323,15,387,113
image_1378_jpg.rf.19ae988e15eca101f466cd4c3c8a6687.jpg,640,640,Basketball,158,5,275,202
image_1307_jpg.rf.232de2cdcc3e17f9e1fd2ab9775a9778.jpg,640,640,Basketball,113,81,306,357
image_1307_jpg.rf.232de2cdcc3e17f9e1fd2ab9775a9778.jpg,640,640,Basketball Hoop,60,200,358,567
image_1296_jpg.rf.2bb9328e4211fda12375abfdaf38d245.jpg,640,640,Basketball Hoop,91,226,364,407
image_1296_jpg.rf.2bb9328e4211fda12375abfdaf38d245.jpg,640,640,Basketball,347,458,487,557
image_1296_jpg.rf.2bb9328e4211fda12375abfdaf38d245.jpg,640,640,Basketball,191,522,353,638
image_1179_jpg.rf.34353b14529f66503e4623ae4d13c88f.jpg,640,640,Basketball Hoop,185,109,227,182
image_1179_jpg.rf.34353b14529f66503e4623ae4d13c88f.jpg,640,640,Basketball,312,131,373,234
image_1179_jpg.rf.34353b14529f66503e4623ae4d13c88f.jpg,640,640,Basketball Hoop,533,345,567,383
image_1179_jpg.rf.34353b14529f66503e4623ae4d13c88f.jpg,640,640,Basketball,450,399,470,432
image_1423_jpg.rf.396f999c3c074fa141836d3d3847ae4d.jpg,640,640,Basketball Hoop,244,173,289,251
image_1423_jpg.rf.396f999c3c074fa141836d3d3847ae4d.jpg,640,640,Basketball,316,198,337,230
image_1410_jpg.rf.328bf5c01aa665984e8bfe479ad197db.jpg,640,640,Basketball Hoop,192,123,347,225
image_1192_jpg.rf.244a7b735f1d36bcd84c63673ac201a0.jpg,640,640,Basketball Hoop,356,161,404,238
image_1070_jpg.rf.2e518dae64e4ccdc60319efcdd255b85.jpg,640,640,Basketball Hoop,72,342,404,640
image_1299_jpg.rf.39ab86d328f42610c551583bd5fcf507.jpg,640,640,Basketball Hoop,235,147,354,233
image_1404_jpg.rf.33502cbcfe8e351592528a62dc7d4827.jpg,640,640,Basketball Hoop,351,35,594,544
image_1301_jpg.rf.334e035e091295475afd20b458fd91e1.jpg,640,640,Basketball Hoop,318,329,533,562
image_1079_jpg.rf.259d65299e5bcba58387d2c852d55547.jpg,640,640,Basketball Hoop,418,368,557,618
image_1353_jpg.rf.22ce92e77b386b2321cfb43690179511.jpg,640,640,Basketball Hoop,204,111,469,574
image_1353_jpg.rf.22ce92e77b386b2321cfb43690179511.jpg,640,640,Basketball,89,58,207,234
image_1126_jpg.rf.2da7e31fe8644134fe32a42718a3623f.jpg,640,640,Basketball Hoop,265,159,363,263
image_1253_jpg.rf.3e8a276f7c5ac65e88681acf4b719ff8.jpg,640,640,Basketball,371,31,429,133
image_1330_jpg.rf.3e65a4c001358620a5e3ecf6b4d1a88c.jpg,640,640,Basketball Hoop,287,118,380,217
image_1399_jpg.rf.3dfa75801f0735fe4608c74c035eac30.jpg,640,640,Basketball,70,288,121,375
image_1095_jpg.rf.3ff628109c11b738b3afb92f45d96b44.jpg,640,640,Basketball Hoop,239,297,402,640
image_1151_jpg.rf.3e805ab66d1c83b360803812f98bcd2e.jpg,640,640,Basketball Hoop,220,355,429,581
image_1121_jpg.rf.44652ef39201e82eb8a225c4845c86c8.jpg,640,640,Basketball,478,125,586,208
image_1121_jpg.rf.44652ef39201e82eb8a225c4845c86c8.jpg,640,640,Basketball,485,240,540,279
image_1294_jpg.rf.3e18ddf9a855191b3ecb871e9461366d.jpg,640,640,Basketball Hoop,186,157,296,240
image_1352_jpg.rf.4550076667f0747daf8154b4e83b76f2.jpg,640,640,Basketball,370,590,400,640
image_1415_jpg.rf.44cacc92a2ab8a53bacb1ae162ecb469.jpg,640,640,Basketball,255,114,590,451
image_1063_jpg.rf.414141207b44f0ba042fd2310d6bddf6.jpg,640,640,Basketball Hoop,153,274,196,336
image_1063_jpg.rf.414141207b44f0ba042fd2310d6bddf6.jpg,640,640,Basketball,160,372,179,406
image_1055_jpg.rf.47e118cb06994f8f29a4f54b348bb83e.jpg,640,640,Basketball Hoop,248,421,383,599
image_1268_jpg.rf.4691ccb6fcc7ee30a7b632dd93afe25f.jpg,640,640,Basketball Hoop,434,128,503,199
image_1268_jpg.rf.4691ccb6fcc7ee30a7b632dd93afe25f.jpg,640,640,Basketball Hoop,309,131,379,200
image_1268_jpg.rf.4691ccb6fcc7ee30a7b632dd93afe25f.jpg,640,640,Basketball,136,368,192,418
image_1268_jpg.rf.4691ccb6fcc7ee30a7b632dd93afe25f.jpg,640,640,Basketball,191,373,243,422
image_1268_jpg.rf.4691ccb6fcc7ee30a7b632dd93afe25f.jpg,640,640,Basketball,234,376,284,426
image_1268_jpg.rf.4691ccb6fcc7ee30a7b632dd93afe25f.jpg,640,640,Basketball,275,379,335,432
image_1169_jpg.rf.4e7bde6c28f4653a41476986d44a265a.jpg,640,640,Basketball Hoop,108,134,341,220
image_1198_jpg.rf.502c052edb107e86694f6399e7aa7847.jpg,640,640,Basketball,45,445,61,465
image_1198_jpg.rf.502c052edb107e86694f6399e7aa7847.jpg,640,640,Basketball,59,444,76,464
image_1198_jpg.rf.502c052edb107e86694f6399e7aa7847.jpg,640,640,Basketball,77,448,92,463
image_1198_jpg.rf.502c052edb107e86694f6399e7aa7847.jpg,640,640,Basketball,39,455,54,467
image_1198_jpg.rf.502c052edb107e86694f6399e7aa7847.jpg,640,640,Basketball,402,105,476,199
image_1417_jpg.rf.4db1fb62b91fa3b7662b6d6f75c5fe5b.jpg,640,640,Basketball Hoop,372,154,423,229
image_1417_jpg.rf.4db1fb62b91fa3b7662b6d6f75c5fe5b.jpg,640,640,Basketball,562,372,580,402
image_1417_jpg.rf.4db1fb62b91fa3b7662b6d6f75c5fe5b.jpg,640,640,Basketball,579,374,597,405
image_1417_jpg.rf.4db1fb62b91fa3b7662b6d6f75c5fe5b.jpg,640,640,Basketball,317,374,335,406
image_1417_jpg.rf.4db1fb62b91fa3b7662b6d6f75c5fe5b.jpg,640,640,Basketball,298,376,317,407
image_1417_jpg.rf.4db1fb62b91fa3b7662b6d6f75c5fe5b.jpg,640,640,Basketball,595,377,614,408
image_1417_jpg.rf.4db1fb62b91fa3b7662b6d6f75c5fe5b.jpg,640,640,Basketball,279,380,298,411
image_1417_jpg.rf.4db1fb62b91fa3b7662b6d6f75c5fe5b.jpg,640,640,Basketball,613,381,633,413
image_1417_jpg.rf.4db1fb62b91fa3b7662b6d6f75c5fe5b.jpg,640,640,Basketball,260,382,280,414
image_1417_jpg.rf.4db1fb62b91fa3b7662b6d6f75c5fe5b.jpg,640,640,Basketball,561,414,579,443
image_1417_jpg.rf.4db1fb62b91fa3b7662b6d6f75c5fe5b.jpg,640,640,Basketball,318,417,335,447
image_1417_jpg.rf.4db1fb62b91fa3b7662b6d6f75c5fe5b.jpg,640,640,Basketball,578,418,596,450
image_1417_jpg.rf.4db1fb62b91fa3b7662b6d6f75c5fe5b.jpg,640,640,Basketball,298,421,317,451
image_1417_jpg.rf.4db1fb62b91fa3b7662b6d6f75c5fe5b.jpg,640,640,Basketball,595,422,614,454
image_1417_jpg.rf.4db1fb62b91fa3b7662b6d6f75c5fe5b.jpg,640,640,Basketball,278,425,298,455
image_1417_jpg.rf.4db1fb62b91fa3b7662b6d6f75c5fe5b.jpg,640,640,Basketball,613,427,628,458
image_1417_jpg.rf.4db1fb62b91fa3b7662b6d6f75c5fe5b.jpg,640,640,Basketball,263,427,279,459
image_1417_jpg.rf.4db1fb62b91fa3b7662b6d6f75c5fe5b.jpg,640,640,Basketball,562,453,579,485
image_1417_jpg.rf.4db1fb62b91fa3b7662b6d6f75c5fe5b.jpg,640,640,Basketball,319,456,337,486
image_1417_jpg.rf.4db1fb62b91fa3b7662b6d6f75c5fe5b.jpg,640,640,Basketball,578,459,596,491
image_1417_jpg.rf.4db1fb62b91fa3b7662b6d6f75c5fe5b.jpg,640,640,Basketball,300,460,318,492
image_1417_jpg.rf.4db1fb62b91fa3b7662b6d6f75c5fe5b.jpg,640,640,Basketball,595,464,613,496
image_1417_jpg.rf.4db1fb62b91fa3b7662b6d6f75c5fe5b.jpg,640,640,Basketball,281,465,300,497
image_1417_jpg.rf.4db1fb62b91fa3b7662b6d6f75c5fe5b.jpg,640,640,Basketball,612,468,631,503
image_1417_jpg.rf.4db1fb62b91fa3b7662b6d6f75c5fe5b.jpg,640,640,Basketball,264,471,280,504
image_1081_jpg.rf.4338263ccf0f70d0d330f4e171188704.jpg,640,640,Basketball,366,90,415,139
image_1081_jpg.rf.4338263ccf0f70d0d330f4e171188704.jpg,640,640,Basketball Hoop,264,142,359,253
image_1365_jpg.rf.48a646bf14eea25ababc16d918927d47.jpg,640,640,Basketball,295,50,396,193
image_1365_jpg.rf.48a646bf14eea25ababc16d918927d47.jpg,640,640,Basketball Hoop,491,201,583,346
image_1160_jpg.rf.5773d5ee8e9a8d4df246a51df7b1b44b.jpg,640,640,Basketball Hoop,263,190,379,279
image_1160_jpg.rf.5773d5ee8e9a8d4df246a51df7b1b44b.jpg,640,640,Basketball,31,310,62,334
image_1160_jpg.rf.5773d5ee8e9a8d4df246a51df7b1b44b.jpg,640,640,Basketball,434,457,476,489
image_1202_jpg.rf.467e772d61c6beb074360b7bee1b6150.jpg,640,640,Basketball,230,230,345,391
image_1202_jpg.rf.467e772d61c6beb074360b7bee1b6150.jpg,640,640,Basketball Hoop,223,366,404,616
image_1177_jpg.rf.4c39dfabbbbb450c97e5290c6895ed1d.jpg,640,640,Basketball,422,392,558,528
image_1177_jpg.rf.4c39dfabbbbb450c97e5290c6895ed1d.jpg,640,640,Basketball Hoop,114,360,369,595
image_1315_jpg.rf.5a7a02f52de4b6d6647d635fdfce230c.jpg,640,640,Basketball Hoop,388,118,470,211
image_1374_jpg.rf.41aac6c800fb627584ac99a81020d949.jpg,640,640,Basketball Hoop,217,335,431,525
image_1252_jpg.rf.4fab64ffad53de5d4a799cf26535f590.jpg,640,640,Basketball,317,328,360,392
image_1252_jpg.rf.4fab64ffad53de5d4a799cf26535f590.jpg,640,640,Basketball Hoop,262,296,382,548
image_1097_jpg.rf.572bde348be63022c7e313f7a089c3df.jpg,640,640,Basketball Hoop,295,57,421,156
image_1097_jpg.rf.572bde348be63022c7e313f7a089c3df.jpg,640,640,Basketball Hoop,55,241,76,255
image_1097_jpg.rf.572bde348be63022c7e313f7a089c3df.jpg,640,640,Basketball,228,344,271,368
image_1170_jpg.rf.5d42bc1317c98d5b8092a5b9757a9b22.jpg,640,640,Basketball Hoop,264,162,398,276
image_1170_jpg.rf.5d42bc1317c98d5b8092a5b9757a9b22.jpg,640,640,Basketball,213,537,267,613
image_1086_jpg.rf.4ae5ff8cdfc9304cf686bc614396324b.jpg,640,640,Basketball Hoop,288,239,485,450
image_1086_jpg.rf.4ae5ff8cdfc9304cf686bc614396324b.jpg,640,640,Basketball,160,429,228,500
image_1209_jpg.rf.5d6abff0ecceffe2ec378e091b190187.jpg,640,640,Basketball,115,10,157,78
image_1223_jpg.rf.5467f40a4fd4cd43daab6993f9c6ac4a.jpg,640,640,Basketball Hoop,39,64,333,601
image_1059_jpg.rf.4741ec6a93e163af54fcca5db2c4a37d.jpg,640,640,Basketball Hoop,156,328,471,635
image_1411_jpg.rf.667a2d00f68a3e130dbbc9c8241a0fe1.jpg,640,640,Basketball,245,12,348,83
image_1411_jpg.rf.667a2d00f68a3e130dbbc9c8241a0fe1.jpg,640,640,Basketball Hoop,355,92,529,219
image_1120_jpg.rf.67312cc4c13f90d424d5e0596041ae1a.jpg,640,640,Basketball Hoop,255,84,351,94
image_1120_jpg.rf.67312cc4c13f90d424d5e0596041ae1a.jpg,640,640,Basketball,548,237,574,245
image_1120_jpg.rf.67312cc4c13f90d424d5e0596041ae1a.jpg,640,640,Basketball,586,281,631,295
image_1120_jpg.rf.67312cc4c13f90d424d5e0596041ae1a.jpg,640,640,Basketball Hoop,119,422,319,456
image_1189_jpg.rf.4b66648c4b717b6b32aacfaed0c8ba8a.jpg,640,640,Basketball,127,19,331,177
image_1149_jpg.rf.5e82726854c3a64ae43829a84b1dfbfb.jpg,640,640,Basketball Hoop,90,66,548,583
image_1298_jpg.rf.713b839719eeb76ba6e0b5f21fb4aa68.jpg,640,640,Basketball Hoop,51,439,432,593
image_1058_jpg.rf.6aa5687b676d5cd6f22d03b9f6861d85.jpg,640,640,Basketball Hoop,272,120,511,298
image_1058_jpg.rf.6aa5687b676d5cd6f22d03b9f6861d85.jpg,640,640,Basketball,381,248,497,350
image_1413_jpg.rf.71abe4b6a42745d094cdd93c6844173a.jpg,640,640,Basketball,276,21,362,128
image_1183_jpg.rf.7582a14a1ae7015e217dba2d33e1727c.jpg,640,640,Basketball Hoop,108,171,301,333
image_1183_jpg.rf.7582a14a1ae7015e217dba2d33e1727c.jpg,640,640,Basketball,227,39,347,152
image_1290_jpg.rf.6947b48acc151d8653c1571480c42d10.jpg,640,640,Basketball Hoop,159,131,598,586
image_1424_jpg.rf.72160048920d62d1f8d56a9e197f3361.jpg,640,640,Basketball Hoop,484,128,523,202
image_1424_jpg.rf.72160048920d62d1f8d56a9e197f3361.jpg,640,640,Basketball,107,256,130,298
image_1096_jpg.rf.6ae6df2530a88d45e6a646928b0645cb.jpg,640,640,Basketball,374,67,576,373
image_1428_jpg.rf.70b7ff36ebe42cd45b453de4f7b4c77b.jpg,640,640,Basketball,311,293,383,360
image_1428_jpg.rf.70b7ff36ebe42cd45b453de4f7b4c77b.jpg,640,640,Basketball Hoop,306,51,426,186
image_1168_jpg.rf.7b8814361c2cfbf722c51dbe59ab979a.jpg,640,640,Basketball,568,407,616,470
image_1168_jpg.rf.7b8814361c2cfbf722c51dbe59ab979a.jpg,640,640,Basketball,0,409,46,489
image_1168_jpg.rf.7b8814361c2cfbf722c51dbe59ab979a.jpg,640,640,Basketball,266,428,314,502
image_1168_jpg.rf.7b8814361c2cfbf722c51dbe59ab979a.jpg,640,640,Basketball Hoop,395,265,410,284
image_1263_jpg.rf.54fe5c5c6d798ecd79e58fdf316a40db.jpg,640,640,Basketball Hoop,213,282,372,391
image_1105_jpg.rf.7b609e26bfd5378e28fc3a7493b42ba6.jpg,640,640,Basketball Hoop,400,115,461,180
image_1105_jpg.rf.7b609e26bfd5378e28fc3a7493b42ba6.jpg,640,640,Basketball,456,220,487,251
image_1105_jpg.rf.7b609e26bfd5378e28fc3a7493b42ba6.jpg,640,640,Basketball,42,285,61,306
image_1105_jpg.rf.7b609e26bfd5378e28fc3a7493b42ba6.jpg,640,640,Basketball,340,320,361,345
image_1325_jpg.rf.7305f3864fabdc217a60cc6a25420810.jpg,640,640,Basketball,324,254,342,286
image_1325_jpg.rf.7305f3864fabdc217a60cc6a25420810.jpg,640,640,Basketball,230,258,246,288
image_1325_jpg.rf.7305f3864fabdc217a60cc6a25420810.jpg,640,640,Basketball,183,495,203,532
image_1349_jpg.rf.7d054caef020bb91f41530be45492c3f.jpg,640,640,Basketball,384,193,572,380
image_1349_jpg.rf.7d054caef020bb91f41530be45492c3f.jpg,640,640,Basketball Hoop,186,403,459,627
image_1199_jpg.rf.74c7d9a02567fc872c02a05660a08500.jpg,640,640,Basketball,171,78,448,282
image_1199_jpg.rf.74c7d9a02567fc872c02a05660a08500.jpg,640,640,Basketball Hoop,110,18,504,403
image_1396_jpg.rf.6dc13b2fe7ab2e531fd01865e0abce3c.jpg,640,640,Basketball,315,208,386,278
image_1396_jpg.rf.6dc13b2fe7ab2e531fd01865e0abce3c.jpg,640,640,Basketball Hoop,135,358,284,498
image_1309_jpg.rf.7c6e8575f6ea6830e1f5882ae4715a14.jpg,640,640,Basketball Hoop,45,0,547,448
image_1309_jpg.rf.7c6e8575f6ea6830e1f5882ae4715a14.jpg,640,640,Basketball,73,233,354,640
image_1225_jpg.rf.7f3df29235e45cae7ea5e9e987805e49.jpg,640,640,Basketball,17,537,169,616
image_1225_jpg.rf.7f3df29235e45cae7ea5e9e987805e49.jpg,640,640,Basketball Hoop,162,155,540,270
image_1185_jpg.rf.790f01e70be29313da05a00ba21b055f.jpg,640,640,Basketball Hoop,498,138,538,156
image_1185_jpg.rf.790f01e70be29313da05a00ba21b055f.jpg,640,640,Basketball,344,21,369,57
image_1267_jpg.rf.7e41891bbce8c88e98b592501bad5e11.jpg,640,640,Basketball Hoop,241,198,297,247
image_1281_jpg.rf.76e2ccd162238c9f2193029d297faac7.jpg,640,640,Basketball Hoop,0,114,552,397
image_1281_jpg.rf.76e2ccd162238c9f2193029d297faac7.jpg,640,640,Basketball,313,384,541,548
image_1244_jpg.rf.72578c4139abceef9fd93aa3856d10a1.jpg,640,640,Basketball,280,9,366,169
image_1100_jpg.rf.81e58d296841234c966977b1457f747d.jpg,640,640,Basketball,381,372,443,483
image_1100_jpg.rf.81e58d296841234c966977b1457f747d.jpg,640,640,Basketball Hoop,475,41,509,111
image_1236_jpg.rf.969393a90424b2ed3af4e745e17c475b.jpg,640,640,Basketball Hoop,6,49,631,637
image_1104_jpg.rf.8dbf0ab62913191aaaf65cfb0d0dcc96.jpg,640,640,Basketball Hoop,148,98,386,603
image_1104_jpg.rf.8dbf0ab62913191aaaf65cfb0d0dcc96.jpg,640,640,Basketball,253,342,348,517
image_1217_jpg.rf.948a732e30f9485955f5b400d87c1b67.jpg,640,640,Basketball,295,63,359,104
image_1217_jpg.rf.948a732e30f9485955f5b400d87c1b67.jpg,640,640,Basketball Hoop,160,49,271,140
image_1124_jpg.rf.968703ec9a829b360058f51a691d2b7d.jpg,640,640,Basketball Hoop,293,35,600,640
image_1114_jpg.rf.7d6799341a499f923668354cba2427f7.jpg,640,640,Basketball,60,119,262,314
image_1114_jpg.rf.7d6799341a499f923668354cba2427f7.jpg,640,640,Basketball Hoop,82,353,375,640
image_1370_jpg.rf.99f96b032788a03341203d302d802be5.jpg,640,640,Basketball,229,63,253,104
image_1370_jpg.rf.99f96b032788a03341203d302d802be5.jpg,640,640,Basketball Hoop,258,222,366,377
image_1260_jpg.rf.9837b6bf5575ded5819e3185502ca08c.jpg,640,640,Basketball,229,151,413,334
image_1260_jpg.rf.9837b6bf5575ded5819e3185502ca08c.jpg,640,640,Basketball Hoop,219,271,423,452
image_1069_jpg.rf.98f4735869ae079524430ebb352ade40.jpg,640,640,Basketball Hoop,245,166,308,265
image_1200_jpg.rf.90cbfe79ffa11dbd0032aacb32074b2e.jpg,640,640,Basketball Hoop,122,453,186,544
image_1322_jpg.rf.9db20c1af0ba228d5536c4219e3b168b.jpg,640,640,Basketball Hoop,281,217,323,272
image_1342_jpg.rf.9d59a744ac84008b249babc18390c108.jpg,640,640,Basketball Hoop,120,389,381,634
image_1076_jpg.rf.8a8e3d93fd70736a87980dae149b985c.jpg,640,640,Basketball Hoop,166,117,430,640
image_1366_jpg.rf.8d2212dd71db7f3d3bdcd122996ce6aa.jpg,640,640,Basketball Hoop,310,154,454,255
image_1162_jpg.rf.9b901073d8d60ba9ba53530b8ae48d33.jpg,640,640,Basketball Hoop,211,309,310,449
image_1362_jpg.rf.9f4bfb103174c261b9df4e659e169c2a.jpg,640,640,Basketball Hoop,494,426,574,575
image_1362_jpg.rf.9f4bfb103174c261b9df4e659e169c2a.jpg,640,640,Basketball Hoop,176,429,254,576
image_1292_jpg.rf.a34da45948ced2e2fc8edef57566f8ef.jpg,640,640,Basketball Hoop,309,350,631,561
image_1092_jpg.rf.3f2ea439b1c1f2ee592b11eed6da01ac.jpg,640,640,Basketball Hoop,92,367,370,579
image_1385_jpg.rf.a206f23f3dfa34c713d496cdeff15e8c.jpg,640,640,Basketball,286,299,311,318
image_1385_jpg.rf.a206f23f3dfa34c713d496cdeff15e8c.jpg,640,640,Basketball Hoop,252,284,335,347
image_1385_jpg.rf.a206f23f3dfa34c713d496cdeff15e8c.jpg,640,640,Basketball,570,413,584,424
image_1304_jpg.rf.ab0efec5cb82a15b9ba7c2bd4ae4ab64.jpg,640,640,Basketball Hoop,38,128,515,591
image_1066_jpg.rf.a521dcdb66d7a753d1b5965109a254e0.jpg,640,640,Basketball Hoop,206,243,452,442
image_1334_jpg.rf.9cdf926e273f092f2be0641857113dfe.jpg,640,640,Basketball Hoop,166,252,481,348
image_1287_jpg.rf.ac0d9ec4cfbecaed06dc3877f360d2b5.jpg,640,640,Basketball Hoop,156,80,241,193
image_1235_jpg.rf.b3cb7e08091a8730cc423a956c0c07ea.jpg,640,640,Basketball Hoop,346,138,398,211
image_1235_jpg.rf.b3cb7e08091a8730cc423a956c0c07ea.jpg,640,640,Basketball,365,267,386,311
image_1235_jpg.rf.b3cb7e08091a8730cc423a956c0c07ea.jpg,640,640,Basketball,195,27,237,100
image_1390_jpg.rf.89f39c197f38ab3f3fb972045b47a402.jpg,640,640,Basketball Hoop,273,142,371,221
image_1132_jpg.rf.9f8c955927e76a470a6b9ca1e70d156d.jpg,640,640,Basketball,466,569,572,613
image_1132_jpg.rf.9f8c955927e76a470a6b9ca1e70d156d.jpg,640,640,Basketball Hoop,361,132,629,225
image_1157_jpg.rf.abeb8aa8841382413eec607b3969db15.jpg,640,640,Basketball,271,408,409,546
image_1157_jpg.rf.abeb8aa8841382413eec607b3969db15.jpg,640,640,Basketball Hoop,145,5,480,362
image_1134_jpg.rf.944c303597c17367bcc2be5eb918b0a1.jpg,640,640,Basketball Hoop,143,345,472,630
image_1300_jpg.rf.b37e5ba64d5ab343ce1fe814acf3dfb2.jpg,640,640,Basketball Hoop,367,180,466,373
image_1300_jpg.rf.b37e5ba64d5ab343ce1fe814acf3dfb2.jpg,640,640,Basketball,395,290,459,388
image_1302_jpg.rf.a629c54b88949e18cbb2ac6dee5f51ff.jpg,640,640,Basketball,291,190,356,306
image_1228_jpg.rf.b43813831a20fa7c927b44547f2ecb84.jpg,640,640,Basketball Hoop,132,451,511,640
image_1354_jpg.rf.a02e7e7d341cce2e1783fe314f2f9a45.jpg,640,640,Basketball Hoop,112,330,159,396
image_1354_jpg.rf.a02e7e7d341cce2e1783fe314f2f9a45.jpg,640,640,Basketball,536,361,560,396
image_1354_jpg.rf.a02e7e7d341cce2e1783fe314f2f9a45.jpg,640,640,Basketball Hoop,312,363,359,423
image_1354_jpg.rf.a02e7e7d341cce2e1783fe314f2f9a45.jpg,640,640,Basketball Hoop,528,370,574,429
image_1354_jpg.rf.a02e7e7d341cce2e1783fe314f2f9a45.jpg,640,640,Basketball Hoop,166,43,213,104
image_1356_jpg.rf.b7012ea553776bb6621c4484fe49a077.jpg,640,640,Basketball Hoop,311,221,638,438
image_1356_jpg.rf.b7012ea553776bb6621c4484fe49a077.jpg,640,640,Basketball,468,526,624,617
image_1289_jpg.rf.ae87fda6bb24151ba1974ee19d71c698.jpg,640,640,Basketball,518,449,570,518
image_1289_jpg.rf.ae87fda6bb24151ba1974ee19d71c698.jpg,640,640,Basketball Hoop,450,570,555,640
image_1077_jpg.rf.bf1c425ef72846b91974359674209c87.jpg,640,640,Basketball,240,8,338,191
image_1369_jpg.rf.bfd0684a0bad2dbc40a2720aabefc9df.jpg,640,640,Basketball Hoop,292,158,365,207
image_1369_jpg.rf.bfd0684a0bad2dbc40a2720aabefc9df.jpg,640,640,Basketball,290,402,326,440
image_1369_jpg.rf.bfd0684a0bad2dbc40a2720aabefc9df.jpg,640,640,Basketball,279,440,318,475
image_1369_jpg.rf.bfd0684a0bad2dbc40a2720aabefc9df.jpg,640,640,Basketball,258,462,297,502
image_1369_jpg.rf.bfd0684a0bad2dbc40a2720aabefc9df.jpg,640,640,Basketball,281,491,322,534
image_1357_jpg.rf.c15aed70f9e1d6e77e3347ad3fb9908f.jpg,640,640,Basketball,162,70,424,304
image_1357_jpg.rf.c15aed70f9e1d6e77e3347ad3fb9908f.jpg,640,640,Basketball Hoop,110,301,475,579
image_1143_jpg.rf.b2aef234907d1d37886334924c2cb6c1.jpg,640,640,Basketball Hoop,268,163,428,419
image_1261_jpg.rf.bff94aac1fdc907b301bdf98d179a167.jpg,640,640,Basketball Hoop,398,131,606,209
image_1175_jpg.rf.b62a78044e7a3119dde9360e5fc85a93.jpg,640,640,Basketball,284,8,361,149
image_1163_jpg.rf.c26b4f8d1b2d5da3891a9bd1eddba54d.jpg,640,640,Basketball Hoop,196,352,445,540
image_1283_jpg.rf.b63b384c79bbae36d3e29d790349afac.jpg,640,640,Basketball Hoop,96,89,200,331
image_1283_jpg.rf.b63b384c79bbae36d3e29d790349afac.jpg,640,640,Basketball,234,15,292,126
image_1248_jpg.rf.c8155a38114baf9c2f8e2371f94a2942.jpg,640,640,Basketball Hoop,306,142,411,240
image_1145_jpg.rf.c1b3e384d10eba2ff9fe104d15c0c2d8.jpg,640,640,Basketball,178,217,298,393
image_1153_jpg.rf.c76e2b41880ad7ff7eded033b3dffe74.jpg,640,640,Basketball,303,33,390,181
image_1372_jpg.rf.be7aa902a18acea11ad21ddfff45b707.jpg,640,640,Basketball Hoop,212,75,315,205
image_1372_jpg.rf.be7aa902a18acea11ad21ddfff45b707.jpg,640,640,Basketball,416,203,464,250
image_1408_jpg.rf.b41809da491a2a18981198743c0e7093.jpg,640,640,Basketball,524,262,539,286
image_1408_jpg.rf.b41809da491a2a18981198743c0e7093.jpg,640,640,Basketball,380,262,395,289
image_1408_jpg.rf.b41809da491a2a18981198743c0e7093.jpg,640,640,Basketball,245,262,264,299
image_1408_jpg.rf.b41809da491a2a18981198743c0e7093.jpg,640,640,Basketball,104,367,124,405
image_1238_jpg.rf.c7e23a34c83416468ef0148c9dc2b161.jpg,640,640,Basketball,10,73,127,224
image_1238_jpg.rf.c7e23a34c83416468ef0148c9dc2b161.jpg,640,640,Basketball,146,351,249,494
image_1238_jpg.rf.c7e23a34c83416468ef0148c9dc2b161.jpg,640,640,Basketball,337,52,457,219
image_1064_jpg.rf.c7eac055015c58be14902599e158f18a.jpg,640,640,Basketball Hoop,2,180,449,586
image_1064_jpg.rf.c7eac055015c58be14902599e158f18a.jpg,640,640,Basketball,237,74,540,379
image_1312_jpg.rf.bb64f3a14e8250880df4699a6e1fa487.jpg,640,640,Basketball Hoop,228,148,431,336
image_1250_jpg.rf.c83fdb364d4541a5ab841e487f2edee3.jpg,640,640,Basketball Hoop,357,132,487,296
image_1280_jpg.rf.c405b69bae562d43d5a8f5c8aee86ded.jpg,640,640,Basketball Hoop,283,166,398,379
image_1280_jpg.rf.c405b69bae562d43d5a8f5c8aee86ded.jpg,640,640,Basketball,262,306,314,382
image_1103_jpg.rf.c70e3c1a2d95401cefd08fa82caf5256.jpg,640,640,Basketball,232,181,628,554
image_1314_jpg.rf.c671a7b52cfe30100b7816bf9e64a8f3.jpg,640,640,Basketball Hoop,224,13,421,139
image_1314_jpg.rf.c671a7b52cfe30100b7816bf9e64a8f3.jpg,640,640,Basketball,292,185,375,233
image_1259_jpg.rf.cd8a87161853c9ada180ddfc9b8b3ef8.jpg,640,640,Basketball Hoop,441,56,460,88
image_1259_jpg.rf.cd8a87161853c9ada180ddfc9b8b3ef8.jpg,640,640,Basketball,315,248,354,317
image_1221_jpg.rf.ba9b93308b71bde2d81ba509aaaf4866.jpg,640,640,Basketball Hoop,328,143,371,221
image_1221_jpg.rf.ba9b93308b71bde2d81ba509aaaf4866.jpg,640,640,Basketball,270,60,302,108
image_1383_jpg.rf.cc62f59cccf5dff85863392562b18a02.jpg,640,640,Basketball Hoop,133,147,321,476
image_1373_jpg.rf.c211eb14dfbfe0981abbe44f12fba004.jpg,640,640,Basketball,32,29,132,193
image_1232_jpg.rf.cf343316104181113e7f97ac677163d5.jpg,640,640,Basketball,184,143,242,201
image_1232_jpg.rf.cf343316104181113e7f97ac677163d5.jpg,640,640,Basketball Hoop,290,139,434,320
image_1232_jpg.rf.cf343316104181113e7f97ac677163d5.jpg,640,640,Basketball,293,79,353,140
image_1167_jpg.rf.cd7b240c101d68efdf76b2418eb622a4.jpg,640,640,Basketball Hoop,215,183,313,266
image_1343_jpg.rf.cc2b5a6679e089e2ca9dbce3b0577acf.jpg,640,640,Basketball Hoop,138,325,411,617
image_1062_jpg.rf.cdf82aa6ee28537fd2c59be423d42292.jpg,640,640,Basketball,539,424,637,506
image_1062_jpg.rf.cdf82aa6ee28537fd2c59be423d42292.jpg,640,640,Basketball Hoop,225,149,369,259
image_1062_jpg.rf.cdf82aa6ee28537fd2c59be423d42292.jpg,640,640,Basketball,153,193,196,244
image_1165_jpg.rf.d0b486d8cdc55c2d8f497b43d6670973.jpg,640,640,Basketball,335,292,398,357
image_1165_jpg.rf.d0b486d8cdc55c2d8f497b43d6670973.jpg,640,640,Basketball Hoop,283,361,360,425
image_1109_jpg.rf.d351aaf12e93512fc2f228fafdf5667f.jpg,640,640,Basketball,162,316,495,614
image_1109_jpg.rf.d351aaf12e93512fc2f228fafdf5667f.jpg,640,640,Basketball,130,0,504,249
image_1270_jpg.rf.d31cac33e50f0bd7aba6036bd8eedc8f.jpg,640,640,Basketball Hoop,155,169,304,352
image_1317_jpg.rf.d9e6e8eeed26b62d258216e9af8ad853.jpg,640,640,Basketball Hoop,342,124,576,251
image_1341_jpg.rf.db31b23c644fcc30257c55151703c1d6.jpg,640,640,Basketball Hoop,269,124,367,214
image_1091_jpg.rf.ce9366ebf693bc5d0bf4b4146863d4fb.jpg,640,640,Basketball Hoop,182,272,505,543
image_1091_jpg.rf.ce9366ebf693bc5d0bf4b4146863d4fb.jpg,640,640,Basketball,5,442,200,634
image_1319_jpg.rf.cf42010c97cc063d160a3e453240238e.jpg,640,640,Basketball Hoop,237,400,273,431
image_1127_jpg.rf.d387cc671451ae2991a65e70f1db1f53.jpg,640,640,Basketball,275,86,349,227
image_1127_jpg.rf.d387cc671451ae2991a65e70f1db1f53.jpg,640,640,Basketball Hoop,229,247,357,508
image_1233_jpg.rf.d52fc94ad70b259208ab4931d1b0fd33.jpg,640,640,Basketball,250,77,311,132
image_1233_jpg.rf.d52fc94ad70b259208ab4931d1b0fd33.jpg,640,640,Basketball,338,105,397,161
image_1233_jpg.rf.d52fc94ad70b259208ab4931d1b0fd33.jpg,640,640,Basketball Hoop,107,113,238,235
image_1233_jpg.rf.d52fc94ad70b259208ab4931d1b0fd33.jpg,640,640,Basketball,396,172,460,231
image_1233_jpg.rf.d52fc94ad70b259208ab4931d1b0fd33.jpg,640,640,Basketball,481,24,534,77
image_1233_jpg.rf.d52fc94ad70b259208ab4931d1b0fd33.jpg,640,640,Basketball,544,25,600,77
image_1084_jpg.rf.e1b2e1fa63c110cd3a53124b01d781e4.jpg,640,640,Basketball,303,96,384,224
image_1229_jpg.rf.d2916f16f1f88e09de61812a3a26574d.jpg,640,640,Basketball,350,59,400,107
image_1237_jpg.rf.cfebbb6a299bd618b1265cc9e6d796ff.jpg,640,640,Basketball Hoop,344,207,504,377
image_1088_jpg.rf.d9c3ad2eb9ba156236895bec7c05405f.jpg,640,640,Basketball Hoop,374,197,416,263
image_1144_jpg.rf.dd76006908b51253f2b8b8f1e5263d03.jpg,640,640,Basketball,225,451,235,463
image_1144_jpg.rf.dd76006908b51253f2b8b8f1e5263d03.jpg,640,640,Basketball,512,452,526,470
image_1144_jpg.rf.dd76006908b51253f2b8b8f1e5263d03.jpg,640,640,Basketball,576,458,593,478
image_1144_jpg.rf.dd76006908b51253f2b8b8f1e5263d03.jpg,640,640,Basketball Hoop,320,230,358,285
image_1159_jpg.rf.e2b88a23cdfc1a9f70503e0ce409761c.jpg,640,640,Basketball Hoop,216,252,473,483
image_1159_jpg.rf.e2b88a23cdfc1a9f70503e0ce409761c.jpg,640,640,Basketball,474,500,620,625
image_1212_jpg.rf.e302aa15352f107f8548a3303af467e1.jpg,640,640,Basketball Hoop,243,378,502,576
image_1137_jpg.rf.d828b98ee5573184850c33f7e77d35d6.jpg,640,640,Basketball Hoop,189,378,299,621
image_1361_jpg.rf.e85265694aae947d31402f18f74e9a16.jpg,640,640,Basketball Hoop,335,170,531,268
image_1382_jpg.rf.e420d3167cc374571dc66ec7441d038a.jpg,640,640,Basketball Hoop,262,168,372,293
image_1188_jpg.rf.d560e19e3f54444462ec79b7a25b6d9a.jpg,640,640,Basketball Hoop,180,165,615,530
image_1355_jpg.rf.ebd5a216a6a996c650fee885ebf1d633.jpg,640,640,Basketball Hoop,175,376,466,604
image_1222_jpg.rf.e3e570a29ab76fca85fb014d14542df0.jpg,640,640,Basketball Hoop,207,9,447,227
image_1222_jpg.rf.e3e570a29ab76fca85fb014d14542df0.jpg,640,640,Basketball,271,90,386,204
image_1277_jpg.rf.db4e81ab3f0cc827e56d4c18e978c644.jpg,640,640,Basketball Hoop,240,383,398,628
image_1242_jpg.rf.ebd5007c402a6612088ab8deeba80f7e.jpg,640,640,Basketball,284,38,434,259
image_1093_jpg.rf.e8f7365417234ed3399f6960ee42348f.jpg,640,640,Basketball Hoop,119,3,449,638
image_1363_jpg.rf.eb86b92c275f49d0d70c02b24a0d0998.jpg,640,640,Basketball Hoop,175,155,236,212
image_1363_jpg.rf.eb86b92c275f49d0d70c02b24a0d0998.jpg,640,640,Basketball Hoop,280,157,340,213
image_1363_jpg.rf.eb86b92c275f49d0d70c02b24a0d0998.jpg,640,640,Basketball,461,361,510,413
image_1363_jpg.rf.eb86b92c275f49d0d70c02b24a0d0998.jpg,640,640,Basketball,418,371,464,416
image_1363_jpg.rf.eb86b92c275f49d0d70c02b24a0d0998.jpg,640,640,Basketball,368,368,418,421
image_1363_jpg.rf.eb86b92c275f49d0d70c02b24a0d0998.jpg,640,640,Basketball,317,372,373,426
image_1331_jpg.rf.e84091590b3c72167656fb2b55b2cbf1.jpg,640,640,Basketball,414,119,460,205
image_1386_jpg.rf.ea44272fbd0cf319885047c3cb72d6cf.jpg,640,640,Basketball Hoop,470,123,540,197
image_1386_jpg.rf.ea44272fbd0cf319885047c3cb72d6cf.jpg,640,640,Basketball Hoop,357,132,424,203
image_1386_jpg.rf.ea44272fbd0cf319885047c3cb72d6cf.jpg,640,640,Basketball,59,360,67,386
image_1386_jpg.rf.ea44272fbd0cf319885047c3cb72d6cf.jpg,640,640,Basketball,383,356,424,424
image_1146_jpg.rf.f3b711ac4b866ec17d3faa476e5ad171.jpg,640,640,Basketball Hoop,7,31,552,631
image_1218_jpg.rf.f4de013446b2c558862983422e01dc2b.jpg,640,640,Basketball Hoop,377,456,417,507
image_1140_jpg.rf.f401ae988c16cd15178f91bfba820aa1.jpg,640,640,Basketball,409,0,490,82
image_1327_jpg.rf.f5f71f9ea06fbcc499caf640bfb48774.jpg,640,640,Basketball Hoop,201,221,394,493
image_1262_jpg.rf.f5e115b0957b53ae6c732f1d16c30562.jpg,640,640,Basketball,270,59,355,183
image_1262_jpg.rf.f5e115b0957b53ae6c732f1d16c30562.jpg,640,640,Basketball Hoop,269,31,439,280
image_1326_jpg.rf.f52d847c0af16a1e7d2f210250ee3098.jpg,640,640,Basketball Hoop,225,166,608,307
image_1071_jpg.rf.f930400af1af68fac2cc0f57969322e9.jpg,640,640,Basketball Hoop,605,167,625,198
image_1071_jpg.rf.f930400af1af68fac2cc0f57969322e9.jpg,640,640,Basketball Hoop,38,248,73,297
image_1174_jpg.rf.eda78479bb7984e8327a47e0c51706b1.jpg,640,640,Basketball,310,371,340,425
image_1174_jpg.rf.eda78479bb7984e8327a47e0c51706b1.jpg,640,640,Basketball Hoop,303,41,359,166
image_1288_jpg.rf.f6069c446af851711de66e54e1007e98.jpg,640,640,Basketball Hoop,2,257,640,613
image_1288_jpg.rf.f6069c446af851711de66e54e1007e98.jpg,640,640,Basketball,101,0,539,241
image_1409_jpg.rf.eda14d9504c97f0e1d6775bd21631102.jpg,640,640,Basketball Hoop,281,0,640,640
image_1147_jpg.rf.fc694f670e3e64702ddf38a13cee80f0.jpg,640,640,Basketball Hoop,486,297,545,365
image_1234_jpg.rf.eaaf16f0ebab64e9c4736b11a294b0cf.jpg,640,640,Basketball Hoop,270,154,319,214
image_1234_jpg.rf.eaaf16f0ebab64e9c4736b11a294b0cf.jpg,640,640,Basketball Hoop,443,154,506,220
image_1256_jpg.rf.edbd3bc681f542101b4c971acb25bf69.jpg,640,640,Basketball,186,238,201,260
image_1256_jpg.rf.edbd3bc681f542101b4c971acb25bf69.jpg,640,640,Basketball,554,280,568,301
image_1286_jpg.rf.eeb82988b3ab45c35cee88c5fe4f3465.jpg,640,640,Basketball Hoop,211,314,404,539
image_1115_jpg.rf.fb46567346f7d89d01827a6d3605d0c7.jpg,640,640,Basketball,259,100,406,348
